<Collection name="Search Engine Site Map" guid="{98860879-FF8A-4109-858B-20AB72E72F8C}" Version="1">
  <Help><![CDATA[<p>Thank you for installing the Search Engine Site Map! This site map is formatted using the sitemaps.org protocol and is used by search engines indexing content within your site. If you wish to add a search engine to your site intended for human visitors, use the Site Map add-on.</p>
<p>The Search Engine Site Map can be viewed at <i>yoursitename</i>/searchenginesitemap. By default your Search Engine Site Map is set up to be auto-discovered by search engine traffic. This is done by adding an entry to the robots.txt file of your site, to let search engine traffic know where to find the Search Engine Site Map.</p>
<p><b>Google Site Map Submission</b></p>
<p>In a browser go to <a target="_blank" href="http://www.google.com/webmasters/tools/">Google Webmaster Tools</a>.<b></p>
<ul>
<li>Login or create an account</li>
<li>Add a site with the URL of your site <i>http://yoursite.com</i></li>
<li>Click on the site you created</li>
<li>Click on Sitemaps in the left hand navigation</li>
<li>Add the URL of the Search Engine Site Map: <i>yoursitename</i>/searchenginesitemap</li>
</ul>
<p><b>Yahoo! Site Map Submission</b></p>
<p>In a browser go to <a target="_blank" href="https://siteexplorer.search.yahoo.com">Yahoo! Site Explorer</a>.<b></p>
<ul>
<li>Login or create an account</li>
<li>Add a site with the URL of your site <i>http://yoursite.com</i></li>
<li>Add a Feed to the site you created, this will be the URL of your Search Engine Site Map: <i>yoursitename</i>/searchenginesitemap</li>
</ul>
  ]]></Help>
  <Interfaces>
    <Page name="SearchEngineSiteMap" guid="{E036074B-6B71-4698-BA22-C34F7E9449E9}" Version="1">
      <Description>Sitemap returned in XML for search engine use</Description>
      <ActiveXDLL>aoSEOSiteMap.DLL</ActiveXDLL>
      <ActiveXProgramID>aoSEOSiteMap.SiteMap2Class</ActiveXProgramID>
      <RemoteMethod>True</RemoteMethod>
      <RobotsTxt>sitemap: /SearchEngineSiteMap</RobotsTxt>
      <IconLink width="57" height="59" Sprites="4">seomap.png</IconLink>
    </Page>
    <Process name="SEOSiteMapGenerator" guid="{5A2A213F-E37B-4C91-9C53-3B85D23F829D}">
      <Description>Generates the site map.</Description>
      <ActiveXDLL>aoSEOSiteMap.DLL</ActiveXDLL>
      <ActiveXProgramID>aoSEOSiteMap.GenerationClass</ActiveXProgramID>
      <ProcessRunOnce>True</ProcessRunOnce>
      <ProcessInterval>720</ProcessInterval>
    </Process>
  </Interfaces>
</Collection>
