<?xml version="1.0" encoding="windows-1252"?>
<Collection name="Search Engine Site Map" guid="{98860879-ff8a-4109-858b-20ab72e72f8c}" system="No" updatable="Yes" blockNavigatorNode="No" onInstallAddonGuid="">
	<HelpLink></HelpLink>
	<Help></Help>
	<Addon name="sitemap.xml" guid="{E036074B-6B71-4698-BA22-C34F7E9449E9}" type="Add-on">
		<Copy></Copy>
		<CopyText></CopyText>
		<DotNetClass><![CDATA[Contensive.Addons.SeoSiteMap.GetSiteMapClass]]></DotNetClass>
		<ArgumentList></ArgumentList>
		<instanceSettingPrimaryContentId></instanceSettingPrimaryContentId>
		<AsAjax>No</AsAjax>
		<Filter>No</Filter>
		<Help></Help>
		<HelpLink></HelpLink>
		<Icon Link="" width="50" height="50" sprites="0" />
		<InIframe>No</InIframe>
		<BlockEditTools>Yes</BlockEditTools>
		<AliasList></AliasList>
		<FormXML></FormXML>
		<IsInline>No</IsInline>
		<JavascriptInHead></JavascriptInHead>
		<javascriptForceHead>No</javascriptForceHead>
		<JSHeadScriptSrc></JSHeadScriptSrc>
		<JSHeadScriptPlatform5Src></JSHeadScriptPlatform5Src>
		<!-- deprecated --><JSBodyScriptSrc></JSBodyScriptSrc>
		<!-- deprecated --><JavascriptBodyEnd></JavascriptBodyEnd>
		<!-- deprecated --><JavascriptOnLoad></JavascriptOnLoad>
		<Content>No</Content>
		<Template>No</Template>
		<Email>No</Email>
		<Admin>No</Admin>
		<OnPageEndEvent>No</OnPageEndEvent>
		<OnPageStartEvent>No</OnPageStartEvent>
		<OnBodyStart>No</OnBodyStart>
		<OnBodyEnd>No</OnBodyEnd>
		<RemoteMethod>Yes</RemoteMethod>
		<Diagnostic>No</Diagnostic>
		<category></category>
		<ProcessRunOnce>No</ProcessRunOnce>
		<ProcessInterval>0</ProcessInterval>
		<MetaDescription></MetaDescription>
		<OtherHeadTags></OtherHeadTags>
		<PageTitle></PageTitle>
		<RemoteAssetLink></RemoteAssetLink>
		<Styles></Styles>
		<styleslinkhref></styleslinkhref>
		<StylesLinkPlatform5Href></StylesLinkPlatform5Href>
		<Scripting Language="VBScript" EntryPoint="" Timeout="5000"/>
	</Addon>
	<Addon name="SEOSiteMapGenerator" guid="{5A2A213F-E37B-4C91-9C53-3B85D23F829D}" type="Add-on">
		<Copy></Copy>
		<CopyText></CopyText>
		<DotNetClass><![CDATA[Contensive.Addons.SeoSiteMap.GenerationClass]]></DotNetClass>
		<ArgumentList></ArgumentList>
		<instanceSettingPrimaryContentId></instanceSettingPrimaryContentId>
		<AsAjax>No</AsAjax>
		<Filter>No</Filter>
		<Help></Help>
		<HelpLink></HelpLink>
		<Icon Link="" width="50" height="50" sprites="0" />
		<InIframe>No</InIframe>
		<BlockEditTools>Yes</BlockEditTools>
		<AliasList></AliasList>
		<FormXML></FormXML>
		<IsInline>No</IsInline>
		<JavascriptInHead></JavascriptInHead>
		<javascriptForceHead>No</javascriptForceHead>
		<JSHeadScriptSrc></JSHeadScriptSrc>
		<JSHeadScriptPlatform5Src></JSHeadScriptPlatform5Src>
		<!-- deprecated --><JSBodyScriptSrc></JSBodyScriptSrc>
		<!-- deprecated --><JavascriptBodyEnd></JavascriptBodyEnd>
		<!-- deprecated --><JavascriptOnLoad></JavascriptOnLoad>
		<Content>No</Content>
		<Template>No</Template>
		<Email>No</Email>
		<Admin>No</Admin>
		<OnPageEndEvent>No</OnPageEndEvent>
		<OnPageStartEvent>No</OnPageStartEvent>
		<OnBodyStart>No</OnBodyStart>
		<OnBodyEnd>No</OnBodyEnd>
		<RemoteMethod>No</RemoteMethod>
		<Diagnostic>No</Diagnostic>
		<category></category>
		<ProcessRunOnce>No</ProcessRunOnce>
		<ProcessInterval>720</ProcessInterval>
		<MetaDescription></MetaDescription>
		<OtherHeadTags></OtherHeadTags>
		<PageTitle></PageTitle>
		<RemoteAssetLink></RemoteAssetLink>
		<Styles></Styles>
		<styleslinkhref></styleslinkhref>
		<StylesLinkPlatform5Href></StylesLinkPlatform5Href>
		<Scripting Language="VBScript" EntryPoint="" Timeout="5000"/>
		<ProcessTriggers>
			<ContentChange name="Add-ons" guid="{BEA0C5A8-81A9-405F-9C04-9AA21F899A5D}"/>
			<ContentChange name="Link Aliases" guid="{F2236BCF-B87F-4BAD-97D3-3C49F59F5125}"/>
			<ContentChange name="Page Content" guid="{02203F58-0921-4F75-A089-0EAD6E8FEB4F}"/>
		</ProcessTriggers>
	</Addon>
	<Resource name="contensivedbmodels.dll" type="executable" path="" />
	<Resource name="cpbase.dll" type="executable" path="" />
	<Resource name="seositemap.dll" type="executable" path="" />
</Collection>